team,home_attack,home_defence,away_attack,away_defence,avg_home_scored,avg_home_conceded,avg_away_scored,avg_away_conceded
AFC Bournemouth,0.9052647002587574,1.0068361107679955,1.032597172241316,1.064668750812967,0.9863457356071599,1.3363619609724846,1.516166238127994,2.0
Arsenal FC,1.1282147469193784,0.8797443668791196,0.9340422407516914,0.9154481206442383,2.4801926627999786,0.5198073372000214,0.988394506631631,1.0427773437443564
Aston Villa FC,0.8681171764295745,1.0323776523556891,0.9508255569738183,1.080551240404749,0.5147353151465223,1.5147353151465224,1.0686216991123034,1.957699266229025
Brentford FC,1.1483827797588513,0.7969784389146235,1.0326171266323367,1.0006581250150717,2.3335889676530286,0.33320551617348565,1.516296309244837,1.516296309244837
Brighton & Hove Albion FC,1.204890712945569,0.7967878171563537,1.4190127730184154,1.0554091252395423,2.646728700819917,0.33229431076632343,4.0349857153327795,1.930028569334441
Chelsea FC,1.1926900024087579,1.1810284391164512,0.9931481130235169,1.1520951168154776,2.9674073815103266,2.4837036907551635,1.2709309332073335,2.354160950554904
Coventry City FC,0.8,1.2717027224037891,0.8020560091916541,0.9548812030450876,0.0,3.074756822063589,0.3574771918398488,1.261296482643818
Crystal Palace FC,1.000947255878611,1.3341046495551605,0.9357713700495137,0.9589709358867801,1.5184811600264352,3.4815188399735644,0.9966600476703843,1.2839598111102788
Everton FC,1.0238791918232701,0.8669556196241515,0.8740021412743577,0.8638350715194022,1.643650084635591,0.6677087020597496,0.48237709456310035,0.48237709456310035
Fulham FC,1.0237776625911665,1.2055344660514675,0.8,0.8640106257978953,1.64308745856069,2.28617491712138,0.0,0.4837036907551632
Hull City AFC,0.9276357240896784,0.8,1.006954040958636,0.9748051042990276,0.964494098359761,0.0,1.3369256879486415,1.371705141578253
Ipswich Town FC,0.9279661715972256,1.0326490529522907,1.0702883685705902,1.1960135183534666,0.9669911631362574,1.5165044184318712,1.6396748720019871,2.5975355665274917
Leeds United FC,1.0280529119958333,0.863629366569175,0.953411391437197,0.868482094096598,1.666778830414191,0.651808629597956,1.0,0.5174928576663897
Liverpool FC,0.9276701430388042,0.9480042825487152,1.0707958476383814,0.839626340812476,0.9647541891262007,0.9647541891262007,1.6421007108715386,0.6226095802853077
Manchester City FC,1.2218552837423515,1.0166449566350282,1.1744124651114294,0.8635459961064113,2.74073817653445,1.3832499630200297,2.440577988399936,0.48019266279997863
Manchester United FC,1.119261406549428,1.027433483520982,0.9415280390512237,1.0236487483039156,2.4125357116680517,1.4825071423336105,1.02417793423912,1.642373077707692
Newcastle United FC,1.0881846601995007,1.0711111205138557,1.027030551361752,1.0753186714648306,2.0,1.643607770461541,1.479880660978769,2.0804773560849235
Nottingham Forest FC,0.7272727272727273,0.8668643283235735,1.106822782874394,0.9961694469258857,0.0,0.6672723136460214,2.0,1.4823770945631003
Sunderland AFC,0.8639762009167858,0.9584912859165907,1.0862637906450763,1.2220541626226469,0.483443555163003,1.033112889673994,1.7160401888897214,2.741840267444454
Tottenham Hotspur FC,0.853119209310071,1.0775933615319049,0.8,0.9916084742418919,0.6973805549559212,1.6745940184102936,0.0,1.44791157742151
